<?xml version="1.0" encoding="UTF-8"?>
<GenRun Id="impl_1" LaunchPart="xc7a35tcpg236-1" LaunchTime="1559346490">
  <File Type="ROUTE-PWR-RPX" Name="TopModule_power_routed.rpx"/>
  <File Type="PA-TCL" Name="TopModule.tcl"/>
  <File Type="INIT-TIMING" Name="TopModule_timing_summary_init.rpt"/>
  <File Type="OPT-METHODOLOGY-DRC" Name="TopModule_methodology_drc_opted.rpt"/>
  <File Type="PWROPT-DRC" Name="TopModule_drc_pwropted.rpt"/>
  <File Type="RDI-RDI" Name="TopModule.vdi"/>
  <File Type="OPT-DCP" Name="TopModule_opt.dcp"/>
  <File Type="OPT-HWDEF" Name="TopModule.hwdef"/>
  <File Type="OPT-DRC" Name="TopModule_drc_opted.rpt"/>
  <File Type="OPT-TIMING" Name="TopModule_timing_summary_opted.rpt"/>
  <File Type="PWROPT-DCP" Name="TopModule_pwropt.dcp"/>
  <File Type="PWROPT-TIMING" Name="TopModule_timing_summary_pwropted.rpt"/>
  <File Type="PLACE-DCP" Name="TopModule_placed.dcp"/>
  <File Type="PLACE-IO" Name="TopModule_io_placed.rpt"/>
  <File Type="PLACE-CLK" Name="TopModule_clock_utilization_placed.rpt"/>
  <File Type="PLACE-UTIL" Name="TopModule_utilization_placed.rpt"/>
  <File Type="PLACE-UTIL-PB" Name="TopModule_utilization_placed.pb"/>
  <File Type="PLACE-CTRL" Name="TopModule_control_sets_placed.rpt"/>
  <File Type="PLACE-SIMILARITY" Name="TopModule_incremental_reuse_placed.rpt"/>
  <File Type="PLACE-PRE-SIMILARITY" Name="TopModule_incremental_reuse_pre_placed.rpt"/>
  <File Type="PLACE-TIMING" Name="TopModule_timing_summary_placed.rpt"/>
  <File Type="POSTPLACE-PWROPT-DCP" Name="TopModule_postplace_pwropt.dcp"/>
  <File Type="POSTPLACE-PWROPT-TIMING" Name="TopModule_timing_summary_postplace_pwropted.rpt"/>
  <File Type="PHYSOPT-DCP" Name="TopModule_physopt.dcp"/>
  <File Type="PHYSOPT-DRC" Name="TopModule_drc_physopted.rpt"/>
  <File Type="PHYSOPT-TIMING" Name="TopModule_timing_summary_physopted.rpt"/>
  <File Type="ROUTE-ERROR-DCP" Name="TopModule_routed_error.dcp"/>
  <File Type="ROUTE-DCP" Name="TopModule_routed.dcp"/>
  <File Type="ROUTE-BLACKBOX-DCP" Name="TopModule_routed_bb.dcp"/>
  <File Type="ROUTE-DRC" Name="TopModule_drc_routed.rpt"/>
  <File Type="ROUTE-DRC-PB" Name="TopModule_drc_routed.pb"/>
  <File Type="ROUTE-DRC-RPX" Name="TopModule_drc_routed.rpx"/>
  <File Type="BG-BIN" Name="TopModule.bin"/>
  <File Type="ROUTE-METHODOLOGY-DRC" Name="TopModule_methodology_drc_routed.rpt"/>
  <File Type="BG-DRC" Name="TopModule.drc"/>
  <File Type="ROUTE-METHODOLOGY-DRC-RPX" Name="TopModule_methodology_drc_routed.rpx"/>
  <File Type="BITSTR-MSK" Name="TopModule.msk"/>
  <File Type="ROUTE-METHODOLOGY-DRC-PB" Name="TopModule_methodology_drc_routed.pb"/>
  <File Type="BG-BGN" Name="TopModule.bgn"/>
  <File Type="ROUTE-PWR" Name="TopModule_power_routed.rpt"/>
  <File Type="ROUTE-PWR-SUM" Name="TopModule_power_summary_routed.pb"/>
  <File Type="ROUTE-STATUS" Name="TopModule_route_status.rpt"/>
  <File Type="ROUTE-STATUS-PB" Name="TopModule_route_status.pb"/>
  <File Type="ROUTE-TIMINGSUMMARY" Name="TopModule_timing_summary_routed.rpt"/>
  <File Type="ROUTE-TIMING-PB" Name="TopModule_timing_summary_routed.pb"/>
  <File Type="ROUTE-TIMING-RPX" Name="TopModule_timing_summary_routed.rpx"/>
  <File Type="ROUTE-SIMILARITY" Name="TopModule_incremental_reuse_routed.rpt"/>
  <File Type="ROUTE-CLK" Name="TopModule_clock_utilization_routed.rpt"/>
  <File Type="POSTROUTE-PHYSOPT-DCP" Name="TopModule_postroute_physopt.dcp"/>
  <File Type="POSTROUTE-PHYSOPT-BLACKBOX-DCP" Name="TopModule_postroute_physopt_bb.dcp"/>
  <File Type="POSTROUTE-PHYSOPT-TIMING" Name="TopModule_timing_summary_postroute_physopted.rpt"/>
  <File Type="POSTROUTE-PHYSOPT-TIMING-PB" Name="TopModule_timing_summary_postroute_physopted.pb"/>
  <File Type="POSTROUTE-PHYSOPT-TIMING-RPX" Name="TopModule_timing_summary_postroute_physopted.rpx"/>
  <File Type="BG-BIT" Name="TopModule.bit"/>
  <File Type="BITSTR-RBT" Name="TopModule.rbt"/>
  <File Type="BITSTR-NKY" Name="TopModule.nky"/>
  <File Type="BITSTR-BMM" Name="TopModule_bd.bmm"/>
  <File Type="BITSTR-MMI" Name="TopModule.mmi"/>
  <File Type="BITSTR-SYSDEF" Name="TopModule.sysdef"/>
  <File Type="WBT-USG" Name="usage_statistics_webtalk.html"/>
  <FileSet Name="sources" Type="DesignSrcs" RelSrcDir="$PSRCDIR/sources_1">
    <Filter Type="Srcs"/>
    <File Path="$PSRCDIR/sources_1/imports/Desktop/Lab5/Lab5.srcs/sources_1/imports/Desktop/Lab4/Lab4.srcs/sources_1/new/m4_1x4.v">
      <FileInfo>
        <Attr Name="ImportPath" Val="$PPRDIR/../../../../../../../../../../../../../../../../../../../../../../../../../../../../../Lab5/Lab5.srcs/sources_1/imports/Desktop/Lab4/Lab4.srcs/sources_1/new/m4_1x4.v"/>
        <Attr Name="ImportTime" Val="1549852698"/>
        <Attr Name="UsedIn" Val="synthesis"/>
        <Attr Name="UsedIn" Val="implementation"/>
        <Attr Name="UsedIn" Val="simulation"/>
      </FileInfo>
    </File>
    <File Path="$PSRCDIR/sources_1/imports/Desktop/Lab5/Lab5.srcs/sources_1/imports/Desktop/Lab4/Lab4.srcs/sources_1/imports/new/m8_1e.v">
      <FileInfo>
        <Attr Name="ImportPath" Val="$PPRDIR/../../../../../../../../../../../../../../../../../../../../../Lab5/Lab5.srcs/sources_1/imports/Desktop/Lab4/Lab4.srcs/sources_1/imports/new/m8_1e.v"/>
        <Attr Name="ImportTime" Val="1549852698"/>
        <Attr Name="UsedIn" Val="synthesis"/>
        <Attr Name="UsedIn" Val="implementation"/>
        <Attr Name="UsedIn" Val="simulation"/>
      </FileInfo>
    </File>
    <File Path="$PSRCDIR/sources_1/new/Count10UDL.v">
      <FileInfo>
        <Attr Name="ImportPath" Val="$PPRDIR/../../../../../../../../../../../../../../../../../../../../../../../../../../../../../../../../../../../../../../../../Lab7.srcs/sources_1/new/Count10UDL.v"/>
        <Attr Name="ImportTime" Val="1558476207"/>
        <Attr Name="UsedIn" Val="synthesis"/>
        <Attr Name="UsedIn" Val="implementation"/>
        <Attr Name="UsedIn" Val="simulation"/>
      </FileInfo>
    </File>
    <File Path="$PSRCDIR/sources_1/new/EdgeDetector.v">
      <FileInfo>
        <Attr Name="ImportPath" Val="$PPRDIR/../../../../../../../../../../../../../../../../../../../../../../../../../../../../../../../../Lab7.srcs/sources_1/new/EdgeDetector.v"/>
        <Attr Name="ImportTime" Val="1558832186"/>
        <Attr Name="UsedIn" Val="synthesis"/>
        <Attr Name="UsedIn" Val="implementation"/>
        <Attr Name="UsedIn" Val="simulation"/>
      </FileInfo>
    </File>
    <File Path="$PSRCDIR/sources_1/imports/Desktop/Lab5/Lab5.srcs/sources_1/new/Time_Counter.v">
      <FileInfo>
        <Attr Name="ImportPath" Val="$PPRDIR/../../../../../../../../../../../../../../../../../../../../../../../../../../../../../Lab5/Lab5.srcs/sources_1/new/Time_Counter.v"/>
        <Attr Name="ImportTime" Val="1557394186"/>
        <Attr Name="UsedIn" Val="synthesis"/>
        <Attr Name="UsedIn" Val="implementation"/>
        <Attr Name="UsedIn" Val="simulation"/>
      </FileInfo>
    </File>
    <File Path="$PSRCDIR/sources_1/new/SwitchTime.v">
      <FileInfo>
        <Attr Name="ImportPath" Val="$PPRDIR/../../../../../../../../../../../../../../../../../../../../Lab7.srcs/sources_1/new/SwitchTime.v"/>
        <Attr Name="ImportTime" Val="1559125356"/>
        <Attr Name="UsedIn" Val="synthesis"/>
        <Attr Name="UsedIn" Val="implementation"/>
        <Attr Name="UsedIn" Val="simulation"/>
      </FileInfo>
    </File>
    <File Path="$PSRCDIR/sources_1/imports/Desktop/Lab6/Lab6.srcs/sources_1/imports/Desktop/Lab5/Lab5.srcs/sources_1/imports/Desktop/Lab4/Lab4.srcs/sources_1/new/Selector.v">
      <FileInfo>
        <Attr Name="ImportPath" Val="$PPRDIR/../../../../../../../../../../../../../../../../../../../../../../../../../../../../../../../../../../../../../../../../../Lab6/Lab6.srcs/sources_1/imports/Desktop/Lab5/Lab5.srcs/sources_1/imports/Desktop/Lab4/Lab4.srcs/sources_1/new/Selector.v"/>
        <Attr Name="ImportTime" Val="1558005298"/>
        <Attr Name="UsedIn" Val="synthesis"/>
        <Attr Name="UsedIn" Val="implementation"/>
        <Attr Name="UsedIn" Val="simulation"/>
      </FileInfo>
    </File>
    <File Path="$PSRCDIR/sources_1/imports/Desktop/Lab6/Lab6.srcs/sources_1/imports/Desktop/Lab5/Lab5.srcs/sources_1/imports/Desktop/Lab4/Lab4.srcs/sources_1/new/Ring_Counter.v">
      <FileInfo>
        <Attr Name="ImportPath" Val="$PPRDIR/../../../../../../../../../../../../../../../../../../../../../../../../../../../../../../../../../../../../../../../../../Lab6/Lab6.srcs/sources_1/imports/Desktop/Lab5/Lab5.srcs/sources_1/imports/Desktop/Lab4/Lab4.srcs/sources_1/new/Ring_Counter.v"/>
        <Attr Name="ImportTime" Val="1557995476"/>
        <Attr Name="UsedIn" Val="synthesis"/>
        <Attr Name="UsedIn" Val="implementation"/>
        <Attr Name="UsedIn" Val="simulation"/>
      </FileInfo>
    </File>
    <File Path="$PSRCDIR/sources_1/imports/Desktop/Lab5/Lab5.srcs/sources_1/imports/Desktop/Lab4/Lab4.srcs/sources_1/imports/new/hex7seg.v">
      <FileInfo>
        <Attr Name="ImportPath" Val="$PPRDIR/../../../../../../../../../../../../../../../../../../../../../Lab5/Lab5.srcs/sources_1/imports/Desktop/Lab4/Lab4.srcs/sources_1/imports/new/hex7seg.v"/>
        <Attr Name="ImportTime" Val="1556867032"/>
        <Attr Name="UsedIn" Val="synthesis"/>
        <Attr Name="UsedIn" Val="implementation"/>
        <Attr Name="UsedIn" Val="simulation"/>
      </FileInfo>
    </File>
    <File Path="$PSRCDIR/sources_1/new/Bee.v">
      <FileInfo>
        <Attr Name="ImportPath" Val="$PPRDIR/../../../../../../../../../../../../../../../../Lab7.srcs/sources_1/new/Bee.v"/>
        <Attr Name="ImportTime" Val="1559204654"/>
        <Attr Name="UsedIn" Val="synthesis"/>
        <Attr Name="UsedIn" Val="implementation"/>
        <Attr Name="UsedIn" Val="simulation"/>
      </FileInfo>
    </File>
    <File Path="$PSRCDIR/sources_1/new/BeeHive.v">
      <FileInfo>
        <Attr Name="ImportPath" Val="$PPRDIR/../../../../../../../../../../../../../../../../../../../../../../../../../../../../../../../../Lab7.srcs/sources_1/new/BeeHive.v"/>
        <Attr Name="ImportTime" Val="1558845648"/>
        <Attr Name="UsedIn" Val="synthesis"/>
        <Attr Name="UsedIn" Val="implementation"/>
        <Attr Name="UsedIn" Val="simulation"/>
      </FileInfo>
    </File>
    <File Path="$PSRCDIR/sources_1/imports/Desktop/Lab5/Lab5.srcs/sources_1/new/LFSR.v">
      <FileInfo>
        <Attr Name="ImportPath" Val="$PPRDIR/../../../../../../../../../../../../../../../../../../../../../../../../../../../../../Lab5/Lab5.srcs/sources_1/new/LFSR.v"/>
        <Attr Name="ImportTime" Val="1557397124"/>
        <Attr Name="UsedIn" Val="synthesis"/>
        <Attr Name="UsedIn" Val="implementation"/>
        <Attr Name="UsedIn" Val="simulation"/>
      </FileInfo>
    </File>
    <File Path="$PSRCDIR/sources_1/new/StateMachine.v">
      <FileInfo>
        <Attr Name="ImportPath" Val="$PPRDIR/../../../../../../../../../../../../../../../../../../../../../../../../../../../../Lab7.srcs/sources_1/new/StateMachine.v"/>
        <Attr Name="ImportTime" Val="1559046676"/>
        <Attr Name="UsedIn" Val="synthesis"/>
        <Attr Name="UsedIn" Val="implementation"/>
        <Attr Name="UsedIn" Val="simulation"/>
      </FileInfo>
    </File>
    <File Path="$PSRCDIR/sources_1/new/VerticalCount.v">
      <FileInfo>
        <Attr Name="ImportPath" Val="$PPRDIR/../../../../../../../../../../../../../../../../../../../../../../../../../../../../../../../../../../../../../../../../Lab7.srcs/sources_1/new/VerticalCount.v"/>
        <Attr Name="ImportTime" Val="1558477696"/>
        <Attr Name="UsedIn" Val="synthesis"/>
        <Attr Name="UsedIn" Val="implementation"/>
        <Attr Name="UsedIn" Val="simulation"/>
      </FileInfo>
    </File>
    <File Path="$PSRCDIR/sources_1/imports/Desktop/lab7_clks.v">
      <FileInfo>
        <Attr Name="ImportPath" Val="$PPRDIR/../../../../../../../../../../../../../../../../../../../../../../../../../../../../../../../../../../../../../../../../../lab7_clks.v"/>
        <Attr Name="ImportTime" Val="1558479588"/>
        <Attr Name="UsedIn" Val="synthesis"/>
        <Attr Name="UsedIn" Val="implementation"/>
        <Attr Name="UsedIn" Val="simulation"/>
      </FileInfo>
    </File>
    <File Path="$PSRCDIR/sources_1/new/HorizontalCount.v">
      <FileInfo>
        <Attr Name="ImportPath" Val="$PPRDIR/../../../../../../../../../../../../../../../../../../../../../../../../../../../../../../../../../../../../../../../../Lab7.srcs/sources_1/new/HorizontalCount.v"/>
        <Attr Name="ImportTime" Val="1558481293"/>
        <Attr Name="UsedIn" Val="synthesis"/>
        <Attr Name="UsedIn" Val="implementation"/>
        <Attr Name="UsedIn" Val="simulation"/>
      </FileInfo>
    </File>
    <File Path="$PSRCDIR/sources_1/new/TopModule.v">
      <FileInfo>
        <Attr Name="ImportPath" Val="$PPRDIR/../../../../../../../../../../../../../../../../../../../../../../../../../../../../../../../../../../../../../../../../Lab7.srcs/sources_1/new/TopModule.v"/>
        <Attr Name="ImportTime" Val="1558483190"/>
        <Attr Name="UsedIn" Val="synthesis"/>
        <Attr Name="UsedIn" Val="implementation"/>
        <Attr Name="UsedIn" Val="simulation"/>
      </FileInfo>
    </File>
    <File Path="$PSRCDIR/sources_1/imports/Desktop/Lab5/Lab5.srcs/sources_1/imports/Desktop/Lab4/Lab4.srcs/sources_1/new/m2_1.v">
      <FileInfo>
        <Attr Name="AutoDisabled" Val="1"/>
        <Attr Name="ImportPath" Val="$PPRDIR/../../../../../../../../../../../../../../../../../../../../../../../../../../../../../Lab5/Lab5.srcs/sources_1/imports/Desktop/Lab4/Lab4.srcs/sources_1/new/m2_1.v"/>
        <Attr Name="ImportTime" Val="1556866912"/>
        <Attr Name="UsedIn" Val="synthesis"/>
        <Attr Name="UsedIn" Val="implementation"/>
        <Attr Name="UsedIn" Val="simulation"/>
      </FileInfo>
    </File>
    <File Path="$PSRCDIR/sources_1/imports/Desktop/Lab5/Lab5.srcs/sources_1/imports/Desktop/Lab4/Lab4.srcs/sources_1/new/CountUD4L.v">
      <FileInfo>
        <Attr Name="AutoDisabled" Val="1"/>
        <Attr Name="ImportPath" Val="$PPRDIR/../../../../../../../../../../../../../../../../../../../../../../../../../../../../../Lab5/Lab5.srcs/sources_1/imports/Desktop/Lab4/Lab4.srcs/sources_1/new/CountUD4L.v"/>
        <Attr Name="ImportTime" Val="1556868878"/>
        <Attr Name="UsedIn" Val="synthesis"/>
        <Attr Name="UsedIn" Val="implementation"/>
        <Attr Name="UsedIn" Val="simulation"/>
      </FileInfo>
    </File>
    <File Path="$PSRCDIR/sources_1/new/Count8UDLL.v">
      <FileInfo>
        <Attr Name="AutoDisabled" Val="1"/>
        <Attr Name="ImportPath" Val="$PPRDIR/../../../../../../../../../../../../Lab7.srcs/sources_1/new/Count8UDLL.v"/>
        <Attr Name="ImportTime" Val="1559258529"/>
        <Attr Name="UsedIn" Val="synthesis"/>
        <Attr Name="UsedIn" Val="implementation"/>
        <Attr Name="UsedIn" Val="simulation"/>
      </FileInfo>
    </File>
    <File Path="$PSRCDIR/sources_1/new/Count8UDL.v">
      <FileInfo>
        <Attr Name="AutoDisabled" Val="1"/>
        <Attr Name="ImportPath" Val="$PPRDIR/../../../../../../../../../../../../../../../../../../../../Lab7.srcs/sources_1/new/Count8UDL.v"/>
        <Attr Name="ImportTime" Val="1559125254"/>
        <Attr Name="UsedIn" Val="synthesis"/>
        <Attr Name="UsedIn" Val="implementation"/>
        <Attr Name="UsedIn" Val="simulation"/>
      </FileInfo>
    </File>
    <File Path="$PSRCDIR/sources_1/imports/Desktop/Lab6/Lab6.srcs/sources_1/imports/Desktop/Lab5/Lab5.srcs/sources_1/imports/Desktop/Lab4/Lab4.srcs/sources_1/new/m4_1x4.v">
      <FileInfo>
        <Attr Name="AutoDisabled" Val="1"/>
        <Attr Name="ImportPath" Val="$PPRDIR/../../../../../../../../../../../../../../../../../../../../../../../../../../../../../../../../../../../../../../../../../Lab6/Lab6.srcs/sources_1/imports/Desktop/Lab5/Lab5.srcs/sources_1/imports/Desktop/Lab4/Lab4.srcs/sources_1/new/m4_1x4.v"/>
        <Attr Name="ImportTime" Val="1549852698"/>
        <Attr Name="UsedIn" Val="synthesis"/>
        <Attr Name="UsedIn" Val="implementation"/>
        <Attr Name="UsedIn" Val="simulation"/>
      </FileInfo>
    </File>
    <File Path="$PSRCDIR/sources_1/imports/Desktop/test2.v">
      <FileInfo>
        <Attr Name="AutoDisabled" Val="1"/>
        <Attr Name="ImportPath" Val="$PPRDIR/../../../../../../../../../../../../../../../../../../../../../../../../../../../../../../../../../../../../../../../../../test2.v"/>
        <Attr Name="ImportTime" Val="1558479581"/>
        <Attr Name="UsedIn" Val="synthesis"/>
        <Attr Name="UsedIn" Val="implementation"/>
        <Attr Name="UsedIn" Val="simulation"/>
      </FileInfo>
    </File>
    <File Path="$PSRCDIR/sources_1/imports/Desktop/Lab7/archive_project_summary.txt">
      <FileInfo>
        <Attr Name="ImportPath" Val="$PPRDIR/../../../../../../../../../../../../../../../../../../../../archive_project_summary.txt"/>
        <Attr Name="ImportTime" Val="1559092380"/>
      </FileInfo>
    </File>
    <File Path="$PSRCDIR/sources_1/imports/Lab7/archive_project_summary.txt">
      <FileInfo>
        <Attr Name="ImportPath" Val="$PPRDIR/../../../../archive_project_summary.txt"/>
        <Attr Name="ImportTime" Val="1559307660"/>
      </FileInfo>
    </File>
    <Config>
      <Option Name="DesignMode" Val="RTL"/>
      <Option Name="TopModule" Val="TopModule"/>
    </Config>
  </FileSet>
  <FileSet Name="constrs_in" Type="Constrs" RelSrcDir="$PSRCDIR/constrs_1">
    <Filter Type="Constrs"/>
    <File Path="$PSRCDIR/constrs_1/imports/Desktop/Basys3_Master.xdc">
      <FileInfo>
        <Attr Name="ImportPath" Val="$PPRDIR/../../../../../../../../../../../../../../../../../../../../../../../../../../../../../../../../../../../../../../../../../Basys3_Master.xdc"/>
        <Attr Name="ImportTime" Val="1558476163"/>
        <Attr Name="UsedIn" Val="synthesis"/>
        <Attr Name="UsedIn" Val="implementation"/>
      </FileInfo>
    </File>
    <Config>
      <Option Name="ConstrsType" Val="XDC"/>
    </Config>
  </FileSet>
  <Strategy Version="1" Minor="2">
    <StratHandle Name="Vivado Implementation Defaults" Flow="Vivado Implementation 2016"/>
    <Step Id="init_design"/>
    <Step Id="opt_design"/>
    <Step Id="power_opt_design"/>
    <Step Id="place_design"/>
    <Step Id="post_place_power_opt_design"/>
    <Step Id="phys_opt_design"/>
    <Step Id="route_design"/>
    <Step Id="post_route_phys_opt_design"/>
    <Step Id="write_bitstream"/>
  </Strategy>
</GenRun>
