<?xml version="1.0" encoding="UTF-8"?>
<GenRun Id="synth_1" LaunchPart="xc7a35tcpg236-1" LaunchTime="1559346490">
  <File Type="PA-TCL" Name="TopModule.tcl"/>
  <File Type="RDS-PROPCONSTRS" Name="TopModule_drc_synth.rpt"/>
  <File Type="RDS-RDS" Name="TopModule.vds"/>
  <File Type="RDS-UTIL" Name="TopModule_utilization_synth.rpt"/>
  <File Type="RDS-UTIL-PB" Name="TopModule_utilization_synth.pb"/>
  <File Type="RDS-DCP" Name="TopModule.dcp"/>
  <File Type="VDS-TIMINGSUMMARY" Name="TopModule_timing_summary_synth.rpt"/>
  <File Type="VDS-TIMING-PB" Name="TopModule_timing_summary_synth.pb"/>
  <FileSet Name="sources" Type="DesignSrcs" RelSrcDir="$PSRCDIR/sources_1">
    <Filter Type="Srcs"/>
    <File Path="$PSRCDIR/sources_1/imports/Desktop/Lab5/Lab5.srcs/sources_1/imports/Desktop/Lab4/Lab4.srcs/sources_1/new/m4_1x4.v">
      <FileInfo>
        <Attr Name="ImportPath" Val="$PPRDIR/../../../../../../../../../../../../../../../../../../../../../../../../../../../../../Lab5/Lab5.srcs/sources_1/imports/Desktop/Lab4/Lab4.srcs/sources_1/new/m4_1x4.v"/>
        <Attr Name="ImportTime" Val="1549852698"/>
        <Attr Name="UsedIn" Val="synthesis"/>
        <Attr Name="UsedIn" Val="implementation"/>
        <Attr Name="UsedIn" Val="simulation"/>
      </FileInfo>
    </File>
    <File Path="$PSRCDIR/sources_1/imports/Desktop/Lab5/Lab5.srcs/sources_1/imports/Desktop/Lab4/Lab4.srcs/sources_1/imports/new/m8_1e.v">
      <FileInfo>
        <Attr Name="ImportPath" Val="$PPRDIR/../../../../../../../../../../../../../../../../../../../../../Lab5/Lab5.srcs/sources_1/imports/Desktop/Lab4/Lab4.srcs/sources_1/imports/new/m8_1e.v"/>
        <Attr Name="ImportTime" Val="1549852698"/>
        <Attr Name="UsedIn" Val="synthesis"/>
        <Attr Name="UsedIn" Val="implementation"/>
        <Attr Name="UsedIn" Val="simulation"/>
      </FileInfo>
    </File>
    <File Path="$PSRCDIR/sources_1/new/Count10UDL.v">
      <FileInfo>
        <Attr Name="ImportPath" Val="$PPRDIR/../../../../../../../../../../../../../../../../../../../../../../../../../../../../../../../../../../../../../../../../Lab7.srcs/sources_1/new/Count10UDL.v"/>
        <Attr Name="ImportTime" Val="1558476207"/>
        <Attr Name="UsedIn" Val="synthesis"/>
        <Attr Name="UsedIn" Val="implementation"/>
        <Attr Name="UsedIn" Val="simulation"/>
      </FileInfo>
    </File>
    <File Path="$PSRCDIR/sources_1/new/EdgeDetector.v">
      <FileInfo>
        <Attr Name="ImportPath" Val="$PPRDIR/../../../../../../../../../../../../../../../../../../../../../../../../../../../../../../../../Lab7.srcs/sources_1/new/EdgeDetector.v"/>
        <Attr Name="ImportTime" Val="1558832186"/>
        <Attr Name="UsedIn" Val="synthesis"/>
        <Attr Name="UsedIn" Val="implementation"/>
        <Attr Name="UsedIn" Val="simulation"/>
      </FileInfo>
    </File>
    <File Path="$PSRCDIR/sources_1/imports/Desktop/Lab5/Lab5.srcs/sources_1/new/Time_Counter.v">
      <FileInfo>
        <Attr Name="ImportPath" Val="$PPRDIR/../../../../../../../../../../../../../../../../../../../../../../../../../../../../../Lab5/Lab5.srcs/sources_1/new/Time_Counter.v"/>
        <Attr Name="ImportTime" Val="1557394186"/>
        <Attr Name="UsedIn" Val="synthesis"/>
        <Attr Name="UsedIn" Val="implementation"/>
        <Attr Name="UsedIn" Val="simulation"/>
      </FileInfo>
    </File>
    <File Path="$PSRCDIR/sources_1/new/SwitchTime.v">
      <FileInfo>
        <Attr Name="ImportPath" Val="$PPRDIR/../../../../../../../../../../../../../../../../../../../../Lab7.srcs/sources_1/new/SwitchTime.v"/>
        <Attr Name="ImportTime" Val="1559125356"/>
        <Attr Name="UsedIn" Val="synthesis"/>
        <Attr Name="UsedIn" Val="implementation"/>
        <Attr Name="UsedIn" Val="simulation"/>
      </FileInfo>
    </File>
    <File Path="$PSRCDIR/sources_1/imports/Desktop/Lab6/Lab6.srcs/sources_1/imports/Desktop/Lab5/Lab5.srcs/sources_1/imports/Desktop/Lab4/Lab4.srcs/sources_1/new/Selector.v">
      <FileInfo>
        <Attr Name="ImportPath" Val="$PPRDIR/../../../../../../../../../../../../../../../../../../../../../../../../../../../../../../../../../../../../../../../../../Lab6/Lab6.srcs/sources_1/imports/Desktop/Lab5/Lab5.srcs/sources_1/imports/Desktop/Lab4/Lab4.srcs/sources_1/new/Selector.v"/>
        <Attr Name="ImportTime" Val="1558005298"/>
        <Attr Name="UsedIn" Val="synthesis"/>
        <Attr Name="UsedIn" Val="implementation"/>
        <Attr Name="UsedIn" Val="simulation"/>
      </FileInfo>
    </File>
    <File Path="$PSRCDIR/sources_1/imports/Desktop/Lab6/Lab6.srcs/sources_1/imports/Desktop/Lab5/Lab5.srcs/sources_1/imports/Desktop/Lab4/Lab4.srcs/sources_1/new/Ring_Counter.v">
      <FileInfo>
        <Attr Name="ImportPath" Val="$PPRDIR/../../../../../../../../../../../../../../../../../../../../../../../../../../../../../../../../../../../../../../../../../Lab6/Lab6.srcs/sources_1/imports/Desktop/Lab5/Lab5.srcs/sources_1/imports/Desktop/Lab4/Lab4.srcs/sources_1/new/Ring_Counter.v"/>
        <Attr Name="ImportTime" Val="1557995476"/>
        <Attr Name="UsedIn" Val="synthesis"/>
        <Attr Name="UsedIn" Val="implementation"/>
        <Attr Name="UsedIn" Val="simulation"/>
      </FileInfo>
    </File>
    <File Path="$PSRCDIR/sources_1/imports/Desktop/Lab5/Lab5.srcs/sources_1/imports/Desktop/Lab4/Lab4.srcs/sources_1/imports/new/hex7seg.v">
      <FileInfo>
        <Attr Name="ImportPath" Val="$PPRDIR/../../../../../../../../../../../../../../../../../../../../../Lab5/Lab5.srcs/sources_1/imports/Desktop/Lab4/Lab4.srcs/sources_1/imports/new/hex7seg.v"/>
        <Attr Name="ImportTime" Val="1556867032"/>
        <Attr Name="UsedIn" Val="synthesis"/>
        <Attr Name="UsedIn" Val="implementation"/>
        <Attr Name="UsedIn" Val="simulation"/>
      </FileInfo>
    </File>
    <File Path="$PSRCDIR/sources_1/new/Bee.v">
      <FileInfo>
        <Attr Name="ImportPath" Val="$PPRDIR/../../../../../../../../../../../../../../../../Lab7.srcs/sources_1/new/Bee.v"/>
        <Attr Name="ImportTime" Val="1559204654"/>
        <Attr Name="UsedIn" Val="synthesis"/>
        <Attr Name="UsedIn" Val="implementation"/>
        <Attr Name="UsedIn" Val="simulation"/>
      </FileInfo>
    </File>
    <File Path="$PSRCDIR/sources_1/new/BeeHive.v">
      <FileInfo>
        <Attr Name="ImportPath" Val="$PPRDIR/../../../../../../../../../../../../../../../../../../../../../../../../../../../../../../../../Lab7.srcs/sources_1/new/BeeHive.v"/>
        <Attr Name="ImportTime" Val="1558845648"/>
        <Attr Name="UsedIn" Val="synthesis"/>
        <Attr Name="UsedIn" Val="implementation"/>
        <Attr Name="UsedIn" Val="simulation"/>
      </FileInfo>
    </File>
    <File Path="$PSRCDIR/sources_1/imports/Desktop/Lab5/Lab5.srcs/sources_1/new/LFSR.v">
      <FileInfo>
        <Attr Name="ImportPath" Val="$PPRDIR/../../../../../../../../../../../../../../../../../../../../../../../../../../../../../Lab5/Lab5.srcs/sources_1/new/LFSR.v"/>
        <Attr Name="ImportTime" Val="1557397124"/>
        <Attr Name="UsedIn" Val="synthesis"/>
        <Attr Name="UsedIn" Val="implementation"/>
        <Attr Name="UsedIn" Val="simulation"/>
      </FileInfo>
    </File>
    <File Path="$PSRCDIR/sources_1/new/StateMachine.v">
      <FileInfo>
        <Attr Name="ImportPath" Val="$PPRDIR/../../../../../../../../../../../../../../../../../../../../../../../../../../../../Lab7.srcs/sources_1/new/StateMachine.v"/>
        <Attr Name="ImportTime" Val="1559046676"/>
        <Attr Name="UsedIn" Val="synthesis"/>
        <Attr Name="UsedIn" Val="implementation"/>
        <Attr Name="UsedIn" Val="simulation"/>
      </FileInfo>
    </File>
    <File Path="$PSRCDIR/sources_1/new/VerticalCount.v">
      <FileInfo>
        <Attr Name="ImportPath" Val="$PPRDIR/../../../../../../../../../../../../../../../../../../../../../../../../../../../../../../../../../../../../../../../../Lab7.srcs/sources_1/new/VerticalCount.v"/>
        <Attr Name="ImportTime" Val="1558477696"/>
        <Attr Name="UsedIn" Val="synthesis"/>
        <Attr Name="UsedIn" Val="implementation"/>
        <Attr Name="UsedIn" Val="simulation"/>
      </FileInfo>
    </File>
    <File Path="$PSRCDIR/sources_1/imports/Desktop/lab7_clks.v">
      <FileInfo>
        <Attr Name="ImportPath" Val="$PPRDIR/../../../../../../../../../../../../../../../../../../../../../../../../../../../../../../../../../../../../../../../../../lab7_clks.v"/>
        <Attr Name="ImportTime" Val="1558479588"/>
        <Attr Name="UsedIn" Val="synthesis"/>
        <Attr Name="UsedIn" Val="implementation"/>
        <Attr Name="UsedIn" Val="simulation"/>
      </FileInfo>
    </File>
    <File Path="$PSRCDIR/sources_1/new/HorizontalCount.v">
      <FileInfo>
        <Attr Name="ImportPath" Val="$PPRDIR/../../../../../../../../../../../../../../../../../../../../../../../../../../../../../../../../../../../../../../../../Lab7.srcs/sources_1/new/HorizontalCount.v"/>
        <Attr Name="ImportTime" Val="1558481293"/>
        <Attr Name="UsedIn" Val="synthesis"/>
        <Attr Name="UsedIn" Val="implementation"/>
        <Attr Name="UsedIn" Val="simulation"/>
      </FileInfo>
    </File>
    <File Path="$PSRCDIR/sources_1/new/TopModule.v">
      <FileInfo>
        <Attr Name="ImportPath" Val="$PPRDIR/../../../../../../../../../../../../../../../../../../../../../../../../../../../../../../../../../../../../../../../../Lab7.srcs/sources_1/new/TopModule.v"/>
        <Attr Name="ImportTime" Val="1558483190"/>
        <Attr Name="UsedIn" Val="synthesis"/>
        <Attr Name="UsedIn" Val="implementation"/>
        <Attr Name="UsedIn" Val="simulation"/>
      </FileInfo>
    </File>
    <File Path="$PSRCDIR/sources_1/imports/Desktop/Lab5/Lab5.srcs/sources_1/imports/Desktop/Lab4/Lab4.srcs/sources_1/new/m2_1.v">
      <FileInfo>
        <Attr Name="AutoDisabled" Val="1"/>
        <Attr Name="ImportPath" Val="$PPRDIR/../../../../../../../../../../../../../../../../../../../../../../../../../../../../../Lab5/Lab5.srcs/sources_1/imports/Desktop/Lab4/Lab4.srcs/sources_1/new/m2_1.v"/>
        <Attr Name="ImportTime" Val="1556866912"/>
        <Attr Name="UsedIn" Val="synthesis"/>
        <Attr Name="UsedIn" Val="implementation"/>
        <Attr Name="UsedIn" Val="simulation"/>
      </FileInfo>
    </File>
    <File Path="$PSRCDIR/sources_1/imports/Desktop/Lab5/Lab5.srcs/sources_1/imports/Desktop/Lab4/Lab4.srcs/sources_1/new/CountUD4L.v">
      <FileInfo>
        <Attr Name="AutoDisabled" Val="1"/>
        <Attr Name="ImportPath" Val="$PPRDIR/../../../../../../../../../../../../../../../../../../../../../../../../../../../../../Lab5/Lab5.srcs/sources_1/imports/Desktop/Lab4/Lab4.srcs/sources_1/new/CountUD4L.v"/>
        <Attr Name="ImportTime" Val="1556868878"/>
        <Attr Name="UsedIn" Val="synthesis"/>
        <Attr Name="UsedIn" Val="implementation"/>
        <Attr Name="UsedIn" Val="simulation"/>
      </FileInfo>
    </File>
    <File Path="$PSRCDIR/sources_1/new/Count8UDLL.v">
      <FileInfo>
        <Attr Name="AutoDisabled" Val="1"/>
        <Attr Name="ImportPath" Val="$PPRDIR/../../../../../../../../../../../../Lab7.srcs/sources_1/new/Count8UDLL.v"/>
        <Attr Name="ImportTime" Val="1559258529"/>
        <Attr Name="UsedIn" Val="synthesis"/>
        <Attr Name="UsedIn" Val="implementation"/>
        <Attr Name="UsedIn" Val="simulation"/>
      </FileInfo>
    </File>
    <File Path="$PSRCDIR/sources_1/new/Count8UDL.v">
      <FileInfo>
        <Attr Name="AutoDisabled" Val="1"/>
        <Attr Name="ImportPath" Val="$PPRDIR/../../../../../../../../../../../../../../../../../../../../Lab7.srcs/sources_1/new/Count8UDL.v"/>
        <Attr Name="ImportTime" Val="1559125254"/>
        <Attr Name="UsedIn" Val="synthesis"/>
        <Attr Name="UsedIn" Val="implementation"/>
        <Attr Name="UsedIn" Val="simulation"/>
      </FileInfo>
    </File>
    <File Path="$PSRCDIR/sources_1/imports/Desktop/Lab6/Lab6.srcs/sources_1/imports/Desktop/Lab5/Lab5.srcs/sources_1/imports/Desktop/Lab4/Lab4.srcs/sources_1/new/m4_1x4.v">
      <FileInfo>
        <Attr Name="AutoDisabled" Val="1"/>
        <Attr Name="ImportPath" Val="$PPRDIR/../../../../../../../../../../../../../../../../../../../../../../../../../../../../../../../../../../../../../../../../../Lab6/Lab6.srcs/sources_1/imports/Desktop/Lab5/Lab5.srcs/sources_1/imports/Desktop/Lab4/Lab4.srcs/sources_1/new/m4_1x4.v"/>
        <Attr Name="ImportTime" Val="1549852698"/>
        <Attr Name="UsedIn" Val="synthesis"/>
        <Attr Name="UsedIn" Val="implementation"/>
        <Attr Name="UsedIn" Val="simulation"/>
      </FileInfo>
    </File>
    <File Path="$PSRCDIR/sources_1/imports/Desktop/test2.v">
      <FileInfo>
        <Attr Name="AutoDisabled" Val="1"/>
        <Attr Name="ImportPath" Val="$PPRDIR/../../../../../../../../../../../../../../../../../../../../../../../../../../../../../../../../../../../../../../../../../test2.v"/>
        <Attr Name="ImportTime" Val="1558479581"/>
        <Attr Name="UsedIn" Val="synthesis"/>
        <Attr Name="UsedIn" Val="implementation"/>
        <Attr Name="UsedIn" Val="simulation"/>
      </FileInfo>
    </File>
    <File Path="$PSRCDIR/sources_1/imports/Desktop/Lab7/archive_project_summary.txt">
      <FileInfo>
        <Attr Name="ImportPath" Val="$PPRDIR/../../../../../../../../../../../../../../../../../../../../archive_project_summary.txt"/>
        <Attr Name="ImportTime" Val="1559092380"/>
      </FileInfo>
    </File>
    <File Path="$PSRCDIR/sources_1/imports/Lab7/archive_project_summary.txt">
      <FileInfo>
        <Attr Name="ImportPath" Val="$PPRDIR/../../../../archive_project_summary.txt"/>
        <Attr Name="ImportTime" Val="1559307660"/>
      </FileInfo>
    </File>
    <Config>
      <Option Name="DesignMode" Val="RTL"/>
      <Option Name="TopModule" Val="TopModule"/>
    </Config>
  </FileSet>
  <FileSet Name="constrs_in" Type="Constrs" RelSrcDir="$PSRCDIR/constrs_1">
    <Filter Type="Constrs"/>
    <File Path="$PSRCDIR/constrs_1/imports/Desktop/Basys3_Master.xdc">
      <FileInfo>
        <Attr Name="ImportPath" Val="$PPRDIR/../../../../../../../../../../../../../../../../../../../../../../../../../../../../../../../../../../../../../../../../../Basys3_Master.xdc"/>
        <Attr Name="ImportTime" Val="1558476163"/>
        <Attr Name="UsedIn" Val="synthesis"/>
        <Attr Name="UsedIn" Val="implementation"/>
      </FileInfo>
    </File>
    <Config>
      <Option Name="ConstrsType" Val="XDC"/>
    </Config>
  </FileSet>
  <Strategy Version="1" Minor="2">
    <StratHandle Name="Vivado Synthesis Defaults" Flow="Vivado Synthesis 2016"/>
    <Step Id="synth_design"/>
  </Strategy>
</GenRun>
